BusinessEntityID,NationalIDNumber,LoginID,OrganizationNode,OrganizationLevel,JobTitle,BirthDate,MaritalStatus,Gender,HireDate,SalariedFlag,VacationHours,SickLeaveHours,CurrentFlag,rowguid,ModifiedDate
1,295847284,adventure-works\ken0,,,Chief Executive Officer,1969-01-29,S,M,2009-01-14,True,99,69,True,{F01251E5-96A3-448D-981E-0F99D789110D},2014-06-30 00:00:00
2,245797967,adventure-works\terri0,58,1,Vice President of Engineering,1971-08-01,S,F,2008-01-31,True,1,20,True,{45E8F437-670D-4409-93CB-F9424A40D6EE},2014-06-30 00:00:00
4,112457891,adventure-works\rob0,5AD6,3,Senior Tool Designer,1974-12-23,S,M,2007-12-05,False,48,80,True,{59747955-87B8-443F-8ED4-F8AD3AFDF3A9},2014-06-30 00:00:00
8,811994146,adventure-works\diane1,5AE158,4,Research and Development Engineer,1986-06-05,S,F,2008-12-29,True,62,51,True,{31112635-663B-4018-B4A2-A685C0BF48A4},2014-06-30 00:00:00
11,974026903,adventure-works\ovidiu0,5AE3,3,Senior Tool Designer,1978-01-17,S,M,2010-12-05,False,7,23,True,{F68C7C19-FAC1-438C-9BB7-AC33FCC341C3},2014-06-30 00:00:00
14,42487730,adventure-works\michael8,5AE5,3,Senior Design Engineer,1979-06-16,S,M,2010-12-30,True,3,21,True,{46286CA4-46DD-4DDB-9128-85B67E98D1A9},2014-06-30 00:00:00
16,24756624,adventure-works\david0,68,1,Marketing Manager,1975-03-19,S,M,2007-12-20,True,40,40,True,{E87029AA-2CBA-4C03-B948-D83AF0313E28},2014-06-30 00:00:00
17,253022876,adventure-works\kevin0,6AC0,2,Marketing Assistant,1987-05-03,S,M,2007-01-26,False,42,41,True,{1B480240-95C0-410F-A717-EB29943C8886},2014-06-30 00:00:00
18,222969461,adventure-works\john5,6B40,2,Marketing Specialist,1978-03-06,S,M,2011-02-07,False,48,44,True,{64730415-1F58-4E5B-8FA8-5E4DAEBA53B4},2014-06-30 00:00:00
