id,first_name,last_name,email,gender
501,Richart,Glenn,rglenndw@sogou.com,M
502,Billye,Ody,bodydx@lycos.com,F
503,Lester,Mole,lmoledy@nymag.com,M
504,Hynda,Leroy,hleroydz@whitehouse.gov,F
505,Federica,Coe,fcoee0@comcast.net,F
506,Nicolea,Gillino,ngillinoe1@pinterest.com,F
507,Theodoric,MacPhail,tmacphaile2@ftc.gov,M
508,Star,Wigmore,swigmoree3@vkontakte.ru,F
509,Reinaldos,Gellion,rgellione4@lulu.com,M
510,Travus,Ginity,tginitye5@google.nl,M
511,Alden,Hailey,ahaileye6@lycos.com,M
512,Athena,Pimbley,apimbleye7@multiply.com,F
513,Maxie,Glassborow,mglassborowe8@newsvine.com,F
514,Sibyl,Carabet,scarabete9@hexun.com,M
515,Brian,Maskall,bmaskallea@omniture.com,M
516,Casandra,Crowson,ccrowsoneb@tiny.cc,F
517,Aldon,Beelby,abeelbyec@google.com.au,M
518,Orbadiah,Shear,osheared@ucoz.com,M
519,Tate,Anscott,tanscottee@plala.or.jp,F
520,Corissa,Wimbush,cwimbushef@technorati.com,F
521,Goran,McGifford,gmcgiffordeg@rediff.com,M
522,Vic,Prime,vprimeeh@g.co,M
523,Ed,Yokel,eyokelei@instagram.com,M
524,Renelle,Lyman,rlymanej@admin.ch,F
525,Ema,Sidery,esideryek@buzzfeed.com,F
526,Raven,Barrim,rbarrimel@123-reg.co.uk,F
527,Albrecht,Norsister,anorsisterem@ucoz.com,M
528,Clemence,Feathers,cfeathersen@about.me,F
529,Margery,Abrahmer,mabrahmereo@addthis.com,F
530,Nari,Foulgham,nfoulghamep@behance.net,F
531,Zedekiah,Mazey,zmazeyeq@un.org,M
532,Nikaniki,MacTrustram,nmactrustramer@webnode.com,F
533,Selma,Lammert,slammertes@google.com.hk,F
534,Kendra,Duckels,kduckelset@shinystat.com,F
535,Candra,Lenthall,clenthalleu@wp.com,F
536,Bessie,Stellin,bstellinev@miibeian.gov.cn,F
537,Normie,Burnhard,nburnhardew@nbcnews.com,M
538,Michel,McChesney,mmcchesneyex@yahoo.co.jp,F
539,Bryn,Gilfoyle,bgilfoyleey@gravatar.com,F
540,Angus,Braitling,abraitlingez@soup.io,M
541,Sheelagh,Mixer,smixerf0@icq.com,F
542,Brigit,Jope,bjopef1@constantcontact.com,F
543,Editha,Ledley,eledleyf2@mashable.com,F
544,Kaine,Barden,kbardenf3@desdev.cn,M
545,Marcelle,Newby,mnewbyf4@mtv.com,F
546,Ester,Balaizot,ebalaizotf5@360.cn,F
547,Cinnamon,Pickerell,cpickerellf6@latimes.com,F
548,Ede,Tuminini,etumininif7@ox.ac.uk,F
549,Sibbie,Iorio,sioriof8@slashdot.org,F
550,Ezekiel,Doust,edoustf9@comcast.net,M
551,Quinton,Eggleson,qegglesonfa@smugmug.com,M
552,Ida,McDavid,imcdavidfb@foxnews.com,F
553,Shelden,Tomes,stomesfc@mozilla.org,M
554,Roth,Goodbody,rgoodbodyfd@nasa.gov,M
555,Kaile,Godding,kgoddingfe@foxnews.com,F
556,Joe,Von Der Empten,jvonderemptenff@engadget.com,M
557,Janel,Hoopper,jhoopperfg@fastcompany.com,F
558,Torie,Cory,tcoryfh@123-reg.co.uk,F
559,Salvador,Bazoche,sbazochefi@hc360.com,M
560,Martica,Luchetti,mluchettifj@hc360.com,F
561,Anallise,Lavallie,alavalliefk@slashdot.org,F
562,Katrina,Fontenot,kfontenotfl@icio.us,F
563,Willdon,Pullen,wpullenfm@mac.com,M
564,Valentine,Ruprecht,vruprechtfn@japanpost.jp,M
565,Elmo,Slyvester,eslyvesterfo@accuweather.com,M
566,Dirk,Reis,dreisfp@privacy.gov.au,M
567,Starr,Dalgarnowch,sdalgarnowchfq@cmu.edu,F
568,Bari,Book,bbookfr@chron.com,F
569,Aloise,Artois,aartoisfs@utexas.edu,F
570,Atalanta,Von Helmholtz,avonhelmholtzft@nytimes.com,F
571,Bessie,Rickarsey,brickarseyfu@tripadvisor.com,F
572,Abbe,Clarkin,aclarkinfv@apple.com,M
573,Vernor,Monget,vmongetfw@goodreads.com,M
574,Grantley,Hepher,ghepherfx@craigslist.org,M
575,Daffie,Clewlow,dclewlowfy@salon.com,F
576,Vaughan,Verna,vvernafz@jugem.jp,M
577,Julietta,Jennaroy,jjennaroyg0@google.ru,F
578,Alissa,Rosenau,arosenaug1@linkedin.com,F
579,Briano,Tison,btisong2@constantcontact.com,M
580,Natalee,Potteril,npotterilg3@macromedia.com,F
581,Leila,Bon,lbong4@va.gov,F
582,Jasmina,Salvador,jsalvadorg5@chicagotribune.com,F
583,Lexis,Parvin,lparving6@google.pl,F
584,Fara,Kyston,fkystong7@phoca.cz,F
585,Fabio,Buckam,fbuckamg8@ibm.com,M
586,Boothe,Hamshaw,bhamshawg9@scientificamerican.com,M
587,Pierce,Mathou,pmathouga@cnbc.com,M
588,Ainslee,de Glanville,adeglanvillegb@dell.com,F
589,Matthaeus,Horley,mhorleygc@fema.gov,M
590,Glori,Spybey,gspybeygd@oakley.com,F
591,Adrianna,Tomenson,atomensonge@usatoday.com,F
592,Agna,Barme,abarmegf@ted.com,F
593,Sheena,Marty,smartygg@rediff.com,F
594,Aime,Schops,aschopsgh@answers.com,F
595,Hestia,Yates,hyatesgi@google.fr,F
596,Sarge,Olech,solechgj@theatlantic.com,M
597,Indira,Fiennes,ifiennesgk@blinklist.com,F
598,Bev,Tombling,btomblinggl@ehow.com,F
599,Daren,Galle,dgallegm@weebly.com,M
600,Fancie,Van der Brug,fvanderbruggn@godaddy.com,F
601,Alie,Nansom,anansomgo@nsw.gov.au,F
602,Val,Jann,vjanngp@bloomberg.com,M
603,Wilhelmina,Starling,wstarlinggq@miitbeian.gov.cn,F
604,Rhianon,Farquhar,rfarquhargr@google.com,F
605,Dee,Whenham,dwhenhamgs@ifeng.com,F
606,Lyndsey,Bellow,lbellowgt@blogtalkradio.com,F
607,Zea,Housegoe,zhousegoegu@deliciousdays.com,F
608,Karlis,Ioselevich,kioselevichgv@java.com,M
609,Lynnea,Warn,lwarngw@g.co,F
610,Lance,McCombe,lmccombegx@google.com,M
611,Di,Meckiff,dmeckiffgy@nba.com,F
612,Jacklyn,Baal,jbaalgz@is.gd,F
613,Robinson,Lawler,rlawlerh0@freewebs.com,M
614,Aile,Guillford,aguillfordh1@springer.com,F
615,Cassey,Silburn,csilburnh2@xing.com,F
616,Bar,Chelnam,bchelnamh3@sphinn.com,M
617,Reggis,Stolberger,rstolbergerh4@ucoz.ru,M
618,Myrwyn,Greenmon,mgreenmonh5@epa.gov,M
619,Far,Harrinson,fharrinsonh6@smugmug.com,M
620,Virge,Lalonde,vlalondeh7@angelfire.com,M
621,Rodger,O'Bradain,robradainh8@etsy.com,M
622,Derby,O'Glessane,doglessaneh9@house.gov,M
623,Suzanne,Wanless,swanlessha@globo.com,F
624,Maxine,McCourt,mmccourthb@yelp.com,F
625,Gabriellia,Labuschagne,glabuschagnehc@livejournal.com,F
626,Dawna,O'Shiel,doshielhd@ucsd.edu,F
627,Gilbertine,Rachuig,grachuighe@51.la,F
628,Sherman,Spradbrow,sspradbrowhf@cpanel.net,M
629,Annalee,Dirr,adirrhg@tiny.cc,F
630,Saidee,Minshall,sminshallhh@virginia.edu,F
631,Adena,Pickring,apickringhi@google.com,F
632,Patty,Jean,pjeanhj@abc.net.au,M
633,Idell,Vidgeon,ividgeonhk@usa.gov,F
634,Cherianne,Petrushanko,cpetrushankohl@ebay.com,F
635,Jacki,Barbery,jbarberyhm@elegantthemes.com,F
636,Thibaut,Mottinelli,tmottinellihn@amazon.de,M
637,Marrilee,Thirst,mthirstho@ustream.tv,F
638,Jed,Tome,jtomehp@stanford.edu,M
639,Allyn,Gutman,agutmanhq@ucsd.edu,M
640,Chen,Daniely,cdanielyhr@rakuten.co.jp,M
641,Bruce,Maskelyne,bmaskelynehs@bizjournals.com,M
642,Frans,Stores,fstoresht@dot.gov,M
643,Ervin,Giller,egillerhu@europa.eu,M
644,Currey,Jamson,cjamsonhv@youku.com,M
645,Dacie,Underdown,dunderdownhw@usnews.com,F
646,Elva,Shergill,eshergillhx@samsung.com,F
647,Kelsey,Fishly,kfishlyhy@dell.com,F
648,Cyrillus,Union,cunionhz@desdev.cn,M
649,Ruthie,McTeer,rmcteeri0@uol.com.br,F
650,Everett,Lendrem,elendremi1@weebly.com,M
651,Tamas,Boram,tborami2@webeden.co.uk,M
652,Allene,Urien,aurieni3@dion.ne.jp,F
653,Adler,Aguirrezabala,aaguirrezabalai4@ifeng.com,M
654,Lissa,Pietzker,lpietzkeri5@edublogs.org,F
655,Mikel,Bavester,mbavesteri6@sphinn.com,M
656,Thom,Seak,tseaki7@timesonline.co.uk,M
657,Laurianne,Ainscow,lainscowi8@usatoday.com,F
658,Arnaldo,Dace,adacei9@npr.org,M
659,June,Uwins,juwinsia@163.com,F
660,Joelynn,Hubbard,jhubbardib@typepad.com,F
661,Ruthanne,Ikin,rikinic@skype.com,F
662,Nolan,Jehaes,njehaesid@sciencedaily.com,M
663,Tabatha,Caven,tcavenie@princeton.edu,F
664,Darnell,Simes,dsimesif@tinyurl.com,M
665,Otha,Nabbs,onabbsig@bbc.co.uk,F
666,Halette,Livock,hlivockih@github.com,F
667,Evy,Corragan,ecorraganii@blogger.com,F
668,Tatiania,Gaytor,tgaytorij@exblog.jp,F
669,Waiter,Boatwright,wboatwrightik@rediff.com,M
670,Preston,Cherrett,pcherrettil@wikimedia.org,M
671,Dominica,Pleaden,dpleadenim@ihg.com,F
672,Olin,Cregan,ocreganin@furl.net,M
673,Garold,De Paoli,gdepaoliio@opensource.org,M
674,Nicky,Elloway,nellowayip@nih.gov,M
675,Isaiah,Shimony,ishimonyiq@hhs.gov,M
676,Rayna,Huby,rhubyir@cnet.com,F
677,Caldwell,Bagot,cbagotis@google.co.jp,M
678,Kingsley,Jerrans,kjerransit@simplemachines.org,M
679,Ronda,Tomicki,rtomickiiu@msn.com,F
680,Umberto,Bankhurst,ubankhurstiv@prnewswire.com,M
681,Waly,Ransley,wransleyiw@drupal.org,F
682,Dorisa,Gradly,dgradlyix@furl.net,F
683,Ambur,Squibbes,asquibbesiy@wisc.edu,F
684,Hadlee,Passey,hpasseyiz@123-reg.co.uk,M
685,Ashley,Teggin,ategginj0@google.es,M
686,Ximenez,Hobson,xhobsonj1@arstechnica.com,M
687,Gertrude,Wilber,gwilberj2@cdc.gov,F
688,Kennie,Romeo,kromeoj3@behance.net,M
689,Cherey,Phin,cphinj4@issuu.com,F
690,Chandler,Burgill,cburgillj5@merriam-webster.com,M
691,Ezechiel,Awde,eawdej6@bloomberg.com,M
692,Cecilla,Gozney,cgozneyj7@over-blog.com,F
693,Juliann,Andrzejewski,jandrzejewskij8@mediafire.com,F
694,Herve,Jinkin,hjinkinj9@exblog.jp,M
695,Lamar,Swadon,lswadonja@sitemeter.com,M
696,Allis,Peres,aperesjb@networkadvertising.org,F
697,Jodie,Quinnelly,jquinnellyjc@mozilla.org,F
698,Marti,Bebbington,mbebbingtonjd@chicagotribune.com,F
699,Krystal,Zanni,kzannije@paginegialle.it,F
700,Tomlin,Aizikov,taizikovjf@theguardian.com,M
701,Brade,Pelos,bpelosjg@gizmodo.com,M
702,Laura,Prisk,lpriskjh@examiner.com,F
703,Maisie,Pierrepoint,mpierrepointji@bandcamp.com,F
704,Reamonn,Larner,rlarnerjj@alibaba.com,M
705,Isa,Schubert,ischubertjk@google.co.jp,M
706,Nessy,Bachelar,nbachelarjl@biblegateway.com,F
707,Killie,Kirlin,kkirlinjm@indiatimes.com,M
708,Nalani,Janeczek,njaneczekjn@hostgator.com,F
709,Julieta,Langhorne,jlanghornejo@shareasale.com,F
710,Biron,Sarchwell,bsarchwelljp@whitehouse.gov,M
711,Sandra,McGrady,smcgradyjq@angelfire.com,F
712,Leonerd,Sisneros,lsisnerosjr@tiny.cc,M
713,Herculie,Canto,hcantojs@ucoz.ru,M
714,Hillier,Keilloh,hkeillohjt@devhub.com,M
715,Earlie,Lockier,elockierju@japanpost.jp,M
716,Matthias,Haswell,mhaswelljv@ezinearticles.com,M
717,Adler,Rosengart,arosengartjw@hibu.com,M
718,Devina,Sievewright,dsievewrightjx@mail.ru,F
719,Isidore,Wathan,iwathanjy@soup.io,M
720,Janis,Weafer,jweaferjz@tamu.edu,F
721,Erick,Spirit,espiritk0@1und1.de,M
722,Jessy,Domb,jdombk1@yellowpages.com,F
723,Zelda,Shipcott,zshipcottk2@ox.ac.uk,F
724,Orran,Nudds,onuddsk3@ucsd.edu,M
725,Allister,Polino,apolinok4@histats.com,M
726,Marnia,Goublier,mgoublierk5@pbs.org,F
727,Rosy,Hawkey,rhawkeyk6@economist.com,F
728,Dillie,Whitlock,dwhitlockk7@nature.com,M
729,Hank,Walkowski,hwalkowskik8@accuweather.com,M
730,Aeriela,Donohoe,adonohoek9@cnn.com,F
731,Essa,Heare,eheareka@elpais.com,F
732,Gabbie,Jirus,gjiruskb@princeton.edu,M
733,Luella,Kleinholz,lkleinholzkc@shinystat.com,F
734,Riccardo,Cadden,rcaddenkd@pen.io,M
735,Ede,Ranger,erangerke@about.me,F
736,Cherey,Sercombe,csercombekf@msn.com,F
737,Killian,Lambertz,klambertzkg@goodreads.com,M
738,Harriot,Vasilov,hvasilovkh@japanpost.jp,F
739,Lynsey,McRobert,lmcrobertki@soundcloud.com,F
740,Derby,Witul,dwitulkj@webnode.com,M
741,Fin,McNeice,fmcneicekk@clickbank.net,M
742,Katherina,Gudahy,kgudahykl@princeton.edu,F
743,Mehetabel,Kenningham,mkenninghamkm@flavors.me,F
744,Ker,Eagleston,keaglestonkn@princeton.edu,M
745,Hanson,Buffy,hbuffyko@npr.org,M
746,Boyce,Younghusband,byounghusbandkp@nytimes.com,M
747,Martyn,Danes,mdaneskq@biblegateway.com,M
748,Hector,Demcak,hdemcakkr@about.me,M
749,Jennette,Audenis,jaudenisks@51.la,F
750,Loren,Baddeley,lbaddeleykt@typepad.com,F
751,Olivier,Alentyev,oalentyevku@smh.com.au,M
752,Jehu,Hafner,jhafnerkv@canalblog.com,M
753,Bobinette,Shaddock,bshaddockkw@fema.gov,F
754,Caspar,Tritten,ctrittenkx@mit.edu,M
755,Geraldine,Bamsey,gbamseyky@google.pl,F
756,Cazzie,Lowsely,clowselykz@tripod.com,M
757,Tedd,Peschke,tpeschkel0@time.com,M
758,Essa,Hembrow,ehembrowl1@vkontakte.ru,F
759,Bogey,Hubbuck,bhubbuckl2@fema.gov,M
760,Jethro,Ruggieri,jruggieril3@wisc.edu,M
761,Josee,Dawton,jdawtonl4@tinypic.com,F
762,Dunc,January 1st,djanuarystl5@xing.com,M
763,Ado,Bradtke,abradtkel6@slashdot.org,M
764,Randy,Rumke,rrumkel7@webs.com,F
765,Haily,Soreau,hsoreaul8@webmd.com,M
766,Storm,Brear,sbrearl9@nba.com,F
767,Marcie,Kix,mkixla@usgs.gov,F
768,Corrine,Chantillon,cchantillonlb@sakura.ne.jp,F
769,Fifi,Burchett,fburchettlc@techcrunch.com,F
770,Kendall,Haulkham,khaulkhamld@businessweek.com,M
771,Welch,Papen,wpapenle@soup.io,M
772,Marci,Ottiwill,mottiwilllf@barnesandnoble.com,F
773,Lannie,Beyne,lbeynelg@flavors.me,M
774,Lester,Pottiphar,lpottipharlh@house.gov,M
775,Estelle,Couche,ecoucheli@wix.com,F
776,Megen,Hazard,mhazardlj@vimeo.com,F
777,Germain,Filby,gfilbylk@free.fr,M
778,Avictor,Kaplin,akaplinll@yellowbook.com,M
779,Ethelind,Naptine,enaptinelm@bigcartel.com,F
780,Tony,Elijahu,telijahuln@de.vu,M
781,Tally,Leveret,tleveretlo@spiegel.de,M
782,Wandie,Suthworth,wsuthworthlp@thetimes.co.uk,F
783,Lucienne,Brothwell,lbrothwelllq@devhub.com,F
784,Meridith,Andreone,mandreonelr@webeden.co.uk,F
785,Nickolai,Cromarty,ncromartyls@seattletimes.com,M
786,Tulley,Larrie,tlarrielt@theguardian.com,M
787,Clareta,Turbill,cturbilllu@sciencedirect.com,F
788,Cherilynn,Jeavons,cjeavonslv@weebly.com,F
789,Xylia,Muzzini,xmuzzinilw@columbia.edu,F
790,Cher,Hulatt,chulattlx@alibaba.com,F
791,Lisabeth,Mattussevich,lmattussevichly@altervista.org,F
792,Brynn,MacMaykin,bmacmaykinlz@vistaprint.com,F
793,Austen,Wybrow,awybrowm0@hp.com,M
794,Rebe,Arnott,rarnottm1@flavors.me,F
795,Derek,Elcoate,delcoatem2@google.com.br,M
796,Devan,Akroyd,dakroydm3@ucla.edu,F
797,Alberik,Garnsey,agarnseym4@facebook.com,M
798,Curry,Kale,ckalem5@gravatar.com,M
799,Irma,Coburn,icoburnm6@ca.gov,F
800,Kirbee,Josephsen,kjosephsenm7@github.com,F
801,Devon,Tichelaar,dtichelaarm8@china.com.cn,F
802,Walker,Klimczak,wklimczakm9@chron.com,M
803,Brittney,Tucknott,btucknottma@chicagotribune.com,F
804,Ilsa,Paolino,ipaolinomb@bing.com,F
805,Romy,Southwick,rsouthwickmc@ifeng.com,F
806,Fredrika,Vaadeland,fvaadelandmd@ovh.net,F
807,Guenevere,Copnar,gcopnarme@de.vu,F
808,Emanuel,Sorey,esoreymf@goodreads.com,M
809,Calla,Antoszewski,cantoszewskimg@symantec.com,F
810,Cristi,Exeter,cexetermh@istockphoto.com,F
811,Irving,Downs,idownsmi@networkadvertising.org,M
812,Gaultiero,Zuann,gzuannmj@gravatar.com,M
813,Kasper,Shone,kshonemk@ucoz.com,M
814,Marissa,Schubart,mschubartml@seesaa.net,F
815,Artemas,Jerrold,ajerroldmm@bravesites.com,M
816,Elisabetta,Scougall,escougallmn@examiner.com,F
817,Isis,Cawston,icawstonmo@bigcartel.com,F
818,Arnold,Gartin,agartinmp@twitter.com,M
819,Wat,Cowlishaw,wcowlishawmq@samsung.com,M
820,Cari,Vane,cvanemr@blinklist.com,F
821,Agneta,Duligall,aduligallms@howstuffworks.com,F
822,Dulcinea,Wollard,dwollardmt@storify.com,F
823,Humphrey,Dikes,hdikesmu@epa.gov,M
824,Kalle,Alflatt,kalflattmv@ustream.tv,M
825,Booth,Youtead,byouteadmw@mozilla.com,M
826,Bryanty,Grelak,bgrelakmx@de.vu,M
827,Gisele,Smitherman,gsmithermanmy@illinois.edu,F
828,Pepito,Coppens,pcoppensmz@independent.co.uk,M
829,Russ,Briar,rbriarn0@ehow.com,M
830,Toinette,Morrell,tmorrelln1@tinyurl.com,F
831,Lilli,Meins,lmeinsn2@stumbleupon.com,F
832,Amery,Le Grove,alegroven3@mashable.com,M
833,Frederich,Goulborn,fgoulbornn4@japanpost.jp,M
834,Linn,Schulze,lschulzen5@linkedin.com,F
835,Kori,O' Cloney,kocloneyn6@prnewswire.com,F
836,Emmanuel,Argont,eargontn7@sciencedirect.com,M
837,Dav,Orman,dormann8@ebay.co.uk,M
838,Rance,Borleace,rborleacen9@tmall.com,M
839,Lorry,Eyers,leyersna@opera.com,M
840,Rosemary,Petriello,rpetriellonb@blog.com,F
841,Enrique,Clinton,eclintonnc@soup.io,M
842,Culley,McInally,cmcinallynd@opera.com,M
843,Raffaello,Sheed,rsheedne@hibu.com,M
844,Federico,Budd,fbuddnf@ucsd.edu,M
845,Jenni,Nelthorpe,jnelthorpeng@mysql.com,F
846,Conchita,Jaspar,cjasparnh@scientificamerican.com,F
847,Darby,Haily,dhailyni@wikipedia.org,M
848,Brian,Hesser,bhessernj@techcrunch.com,M
849,Zebulen,Quincey,zquinceynk@prweb.com,M
850,Reinald,Bulley,rbulleynl@washingtonpost.com,M
851,Eberhard,Vasilechko,evasilechkonm@cnet.com,M
852,Lou,Osgorby,losgorbynn@zdnet.com,M
853,Augy,Choupin,achoupinno@dropbox.com,M
854,Massimo,Battram,mbattramnp@reverbnation.com,M
855,Gertrud,MacTague,gmactaguenq@sourceforge.net,F
856,Shayne,Feehily,sfeehilynr@edublogs.org,M
857,Niven,Bessett,nbessettns@yale.edu,M
858,Langston,Berndtsson,lberndtssonnt@dmoz.org,M
859,Onfre,Iacovone,oiacovonenu@last.fm,M
860,Herve,Lowten,hlowtennv@sina.com.cn,M
861,Dru,Sepey,dsepeynw@europa.eu,M
862,Anjela,Gundry,agundrynx@people.com.cn,F
863,Karel,Nutbeem,knutbeemny@geocities.jp,M
864,Milty,Chipchase,mchipchasenz@delicious.com,M
865,Meggie,Dibble,mdibbleo0@sitemeter.com,F
866,Ariela,Avrahamoff,aavrahamoffo1@tinyurl.com,F
867,Gilly,Montier,gmontiero2@mapy.cz,F
868,Ethelin,Denyagin,edenyagino3@ifeng.com,F
869,Leann,Warwicker,lwarwickero4@abc.net.au,F
870,Lethia,Jonson,ljonsono5@whitehouse.gov,F
871,Vinnie,Humberstone,vhumberstoneo6@pagesperso-orange.fr,M
872,Meir,Esmonde,mesmondeo7@bloglines.com,M
873,Kamila,Gunda,kgundao8@bbb.org,F
874,Lancelot,Hardaker,lhardakero9@phoca.cz,M
875,Luciano,Bourdis,lbourdisoa@goo.ne.jp,M
876,Ignaz,Reiners,ireinersob@chronoengine.com,M
877,Augie,Bartoszewski,abartoszewskioc@engadget.com,M
878,Maddie,Gudgeon,mgudgeonod@list-manage.com,M
879,Pasquale,Simakov,psimakovoe@prweb.com,M
880,Etti,Torricina,etorricinaof@fotki.com,F
881,Moina,Halsall,mhalsallog@123-reg.co.uk,F
882,Ariela,Blaby,ablabyoh@admin.ch,F
883,Hailee,Reboulet,hrebouletoi@wunderground.com,F
884,Prentice,Gravells,pgravellsoj@paginegialle.it,M
885,Scotti,Dymick,sdymickok@mit.edu,M
886,Cris,Nicholes,cnicholesol@sakura.ne.jp,F
887,Mar,Ashling,mashlingom@yandex.ru,M
888,Brandy,Fernier,bfernieron@miibeian.gov.cn,F
889,Ayn,Schulze,aschulzeoo@wp.com,F
890,Robinette,Rain,rrainop@prlog.org,F
891,Reine,Athey,ratheyoq@nps.gov,F
892,Stacy,Morgen,smorgenor@shop-pro.jp,F
893,Maegan,Syseland,msyselandos@google.co.uk,F
894,Renard,O'Corren,rocorrenot@hibu.com,M
895,Alyss,Ollet,aolletou@wiley.com,F
896,Spike,Pitney,spitneyov@stumbleupon.com,M
897,Doloritas,Fritschel,dfritschelow@nydailynews.com,F
898,Donn,Gladwin,dgladwinox@parallels.com,M
899,Nollie,Trobridge,ntrobridgeoy@spiegel.de,M
900,Kirsti,Ruffell,kruffelloz@scribd.com,F
901,Brooke,Cuxson,bcuxsonp0@vimeo.com,F
902,Llewellyn,McAirt,lmcairtp1@dedecms.com,M
903,Guntar,Deare,gdearep2@drupal.org,M
904,Carson,Coppo,ccoppop3@icio.us,M
905,Laurice,Sturman,lsturmanp4@prnewswire.com,F
906,Gannie,Benwell,gbenwellp5@hibu.com,M
907,Dorthea,Jiran,djiranp6@nps.gov,F
908,Nicoline,Polsin,npolsinp7@taobao.com,F
909,Hayley,Hempshall,hhempshallp8@dedecms.com,F
910,Gifford,Lawlie,glawliep9@soundcloud.com,M
911,Brien,Milward,bmilwardpa@marketwatch.com,M
912,Aluino,Foulstone,afoulstonepb@npr.org,M
913,Bunni,Shelford,bshelfordpc@newyorker.com,F
914,Bartholomew,Velte,bveltepd@surveymonkey.com,M
915,Morganica,McMennum,mmcmennumpe@sciencedirect.com,F
916,Nolie,Keunemann,nkeunemannpf@netscape.com,F
917,Jill,Sparry,jsparrypg@arstechnica.com,F
918,Terrell,Gerardot,tgerardotph@chron.com,M
919,Dorine,Kynd,dkyndpi@google.pl,F
920,Dasya,Bunstone,dbunstonepj@google.fr,F
921,Cristabel,Cowburn,ccowburnpk@indiegogo.com,F
922,Cad,Jollie,cjolliepl@gravatar.com,M
923,Felicdad,Dammarell,fdammarellpm@livejournal.com,F
924,Laurence,Pendrey,lpendreypn@wunderground.com,M
925,Elke,Bulbeck,ebulbeckpo@mozilla.org,F
926,Westleigh,Pettendrich,wpettendrichpp@kickstarter.com,M
927,Calvin,Grishechkin,cgrishechkinpq@samsung.com,M
928,Rebekah,Burchett,rburchettpr@ibm.com,F
929,Kristina,MacCrachen,kmaccrachenps@flickr.com,F
930,Yettie,Mathes,ymathespt@mapquest.com,F
931,Kalvin,Scotti,kscottipu@netscape.com,M
932,Riane,McCrillis,rmccrillispv@weather.com,F
933,Camala,Barthropp,cbarthropppw@hugedomains.com,F
934,Johnathon,Wandrack,jwandrackpx@house.gov,M
935,Salem,Penkethman,spenkethmanpy@ezinearticles.com,M
936,Mattias,Rennles,mrennlespz@github.com,M
937,Kathy,Bercevelo,kberceveloq0@xrea.com,F
938,Avigdor,Dedmam,adedmamq1@last.fm,M
939,Ulric,MacGinney,umacginneyq2@1688.com,M
940,Hollyanne,Ebbing,hebbingq3@printfriendly.com,F
941,Miguela,Kisting,mkistingq4@ebay.com,F
942,Bondy,Orred,borredq5@geocities.com,M
943,Constantina,McKeran,cmckeranq6@kickstarter.com,F
944,Pavla,Egar,pegarq7@cisco.com,F
945,Cynthea,Timby,ctimbyq8@earthlink.net,F
946,Ewan,Crunden,ecrundenq9@forbes.com,M
947,Meara,Baroche,mbarocheqa@howstuffworks.com,F
948,Averil,Ponsford,aponsfordqb@sfgate.com,F
949,Elfreda,Threader,ethreaderqc@army.mil,F
950,Gertruda,Jahnel,gjahnelqd@theguardian.com,F
951,Wendell,Porson,wporsonqe@blogspot.com,M
952,Keslie,Puddephatt,kpuddephattqf@slideshare.net,F
953,Garvy,Dwane,gdwaneqg@sbwire.com,M
954,Rip,Bottrill,rbottrillqh@shinystat.com,M
955,Tarrah,Regan,treganqi@vimeo.com,F
956,Mercy,Machans,mmachansqj@soup.io,F
957,Matthieu,Mechi,mmechiqk@thetimes.co.uk,M
958,Buckie,Kabos,bkabosql@latimes.com,M
959,Harlene,Schooling,hschoolingqm@weibo.com,F
960,Trefor,Pashan,tpashanqn@diigo.com,M
961,Konrad,Landeg,klandegqo@issuu.com,M
962,Ora,Merwede,omerwedeqp@cmu.edu,F
963,Arvin,Sambles,asamblesqq@example.com,M
964,Denny,Slatford,dslatfordqr@elegantthemes.com,F
965,Leigha,Dix,ldixqs@ed.gov,F
966,Renado,Merwood,rmerwoodqt@blinklist.com,M
967,Nicki,Witchell,nwitchellqu@princeton.edu,F
968,Stanleigh,McReedy,smcreedyqv@furl.net,M
969,Morly,Oldale,moldaleqw@homestead.com,M
970,Christalle,O'Hoey,cohoeyqx@yandex.ru,F
971,Yevette,Bernardotte,ybernardotteqy@instagram.com,F
972,Sabine,Allen,sallenqz@cornell.edu,F
973,Kariotta,Langfitt,klangfittr0@uiuc.edu,F
974,Missie,Wookey,mwookeyr1@home.pl,F
975,Hillary,Itzcovich,hitzcovichr2@ovh.net,M
976,Dolf,Turnbull,dturnbullr3@hostgator.com,M
977,Gracie,Wevell,gwevellr4@jimdo.com,F
978,Vaughn,Childs,vchildsr5@youku.com,M
979,Wain,Hugin,whuginr6@dedecms.com,M
980,Carlene,Longhorne,clonghorner7@time.com,F
981,Dallas,Callacher,dcallacherr8@hao123.com,M
982,Arlette,Durdle,adurdler9@nature.com,F
983,Ingamar,Jarrette,ijarrettera@biblegateway.com,M
984,Nicko,Garter,ngarterrb@addthis.com,M
985,Trever,Dorie,tdorierc@tripod.com,M
986,Katherina,Klulik,kklulikrd@bluehost.com,F
987,Adoree,Langsbury,alangsburyre@webs.com,F
988,Vivi,Varga,vvargarf@un.org,F
989,Amalita,O'Sculley,aosculleyrg@odnoklassniki.ru,F
990,Morey,Jouannin,mjouanninrh@timesonline.co.uk,M
991,Putnam,Elbourn,pelbournri@baidu.com,M
992,Hagan,Jeannequin,hjeannequinrj@jimdo.com,M
993,Forrester,Pawlett,fpawlettrk@youku.com,M
994,Lora,Sproul,lsproulrl@ning.com,F
995,Gayle,Child,gchildrm@hud.gov,M
996,Margery,De Coursey,mdecourseyrn@walmart.com,F
997,Aldus,Gorden,agordenro@g.co,M
998,Howie,Lucas,hlucasrp@dropbox.com,M
999,Orazio,Rosling,oroslingrq@redcross.org,M
1000,Sherm,MacCallester,smaccallesterrr@hp.com,M