<?xml version='1.0' encoding='UTF-8'?>
<dataset>
<record><id>1</id><first_name>Ashleigh</first_name><last_name>Whellans</last_name><email>awhellans0@linkedin.com</email><gender>Bigender</gender><country>Vietnam</country></record><record><id>2</id><first_name>Norton</first_name><last_name>Rantoull</last_name><email>nrantoull1@prnewswire.com</email><gender>Female</gender><country>Philippines</country></record><record><id>3</id><first_name>Uri</first_name><last_name>Spreull</last_name><email>uspreull2@bbb.org</email><gender>Bigender</gender><country>Russia</country></record><record><id>4</id><first_name>Yorker</first_name><last_name>Madgin</last_name><email>ymadgin3@nature.com</email><gender>Female</gender><country>Philippines</country></record><record><id>5</id><first_name>Irvin</first_name><last_name>Wignall</last_name><email>iwignall4@boston.com</email><gender>Male</gender><country>Tunisia</country></record><record><id>6</id><first_name>Pearce</first_name><last_name>Kochl</last_name><email>pkochl5@cdbaby.com</email><gender>Polygender</gender><country>Greece</country></record><record><id>7</id><first_name>Kariotta</first_name><last_name>Bauduccio</last_name><email>kbauduccio6@slideshare.net</email><gender>Male</gender><country>China</country></record><record><id>8</id><first_name>Callie</first_name><last_name>Cowpland</last_name><email>ccowpland7@google.it</email><gender>Male</gender><country>Philippines</country></record><record><id>9</id><first_name>Jacinta</first_name><last_name>Tuckie</last_name><email>jtuckie8@adobe.com</email><gender>Genderfluid</gender><country>China</country></record><record><id>10</id><first_name>Chloette</first_name><last_name>Frangello</last_name><email>cfrangello9@live.com</email><gender>Non-binary</gender><country>Indonesia</country></record></dataset>