
--USE DATABASE EMPLOEE

USE EMPLOYEE

-- CREATE TABLE EMP

CREATE TABLE EMP5 (
    EMPNO INT ,
    ENAME CHAR(20),
    JOB  CHAR(20),
    MGR INT,
    HIREDATE DATE,
    SAL INT,
    COMM INT,
    DEPTNO INT  
);


-- VERIFY THE CREATED TABLE

SELECT * FROM EMP5;

--INSERT THE RECORDS IN EMP5 YABLE

INSERT INTO EMP5 VALUES(7369,'SMITH','CLERK',7902,'17-DEC-1980',800,NULL,20)
INSERT INTO EMP5 VALUES(7499,'ALLEN','SALESMAN',7698,'20-FEB-1981',1600,300,30)
INSERT INTO EMP5 VALUES(7521,'WARD','SALESMAN',7698,'22-FEB-1981',1250,500,30)

INSERT INTO EMP5 VALUES(7566,'JONES','MANAGER',7839,'02-APR-1981',2975,NULL,20)
INSERT INTO EMP5 VALUES(7654,'MARTIN','SALESMAN',7698,'28-SEP-1981',1250,1400,30)
INSERT INTO EMP5 VALUES(7698,'BLAKE','MANAGER',7839,'01-MAY-1981',2850,NULL,30)

INSERT INTO EMP5 VALUES(7782,'CLARK','MANAGER',7839,'09-JUN-1981',2450,NULL,10)
INSERT INTO EMP5 VALUES(7788,'SCOTT','ANALYST',7566,'19-APR-1987',3000,NULL,20)
INSERT INTO EMP5 VALUES(7839,'KING','PRESIDENT',NULL,'17-NOV-1981',5000,NULL,10)


INSERT INTO EMP5 VALUES(7844,'TURNER','SALESMAN',7698,'08-SEP-1981',1500,0,30)
INSERT INTO EMP5 VALUES(7876,'ADAMS','CLERK',7788,'23-MAY-1987',1100,NULL,20)
INSERT INTO EMP5 VALUES(7900,'JAMES','CLERK',7698,'03-DEC-1981',950,NULL,30)

INSERT INTO EMP5 VALUES(7902,'FORD','ANALYST',7566,'03-DEC-1981',3000,NULL,20)
INSERT INTO EMP5 VALUES(7934,'MILLER','CLERK',7782,'23-JAN-1982',1300,NULL,10)

--CREATE TABLE DEPATEMENT

CREATE TABLE DEPT1(DEPTNO INT,DNAME CHAR(10),LOC CHAR(10),LOC_ID INT)

--VERFING THE CREATED TABLE DEPT1

SELECT * FROM DEPT1

-- INSERTING RECORDS IN DEPT TABLE

INSERT INTO DEPT1 VALUES(10,'ACCOUNTING','NEWYORK',122)
INSERT INTO DEPT1 VALUES(20,'RESEARCH','DALLAS',124)
INSERT INTO DEPT1 VALUES(30,'SALES','CHICAGO',123)
INSERT INTO DEPT1 VALUES(40,'OPERATIONS','BOSTON',167)

--CREATE TABLE SALGRADE

CREATE TABLE SALGRADE(GRADE INT,LOSAL INT,HISAL INT)

--VERFING THE CREATED TABLE

SELECT * FROM SALGRADE

--INSERTING RECORDS IN SALGRADE TABLE 

INSERT INTO SALGRADE VALUES(1,700,1200)
INSERT INTO SALGRADE VALUES(2,1201,1400)
INSERT INTO SALGRADE VALUES(3,1401,2000)
INSERT INTO SALGRADE VALUES(4,2001,3000)
INSERT INTO SALGRADE VALUES(5,3001,9999)





